PartnerId,PartnerStatus,PartnerName,PartnerCode,PartnerInternalCode,PartnerType,ShortPartnerName,ComercialRegistration,FiscalRegistration,PartnerAddress,LegalForm,Notes,VATPayer,BankAccount,Delegate,Agent,BaseCurrency,Phone,Email,WEB,LastModified
500,indigo,Lorem Eget Industries,706745,Ria Barron,3733,989,%B6469124232634203^BrianLeon^2607877726?1,;675948515852=13021689? ,765 Magnis Av.,M6U 7L2,41813,Yuri,"Ina, Connor, Eric, Gavin",Amber,02 60 93 08 08,Hannah,1-439-640-3479,tortor.Integer.aliquam@hendrerit.ca,"Fri, Oct 20",
501,red,Turpis LLP,94892,Nell Scott,1785,707,%B6767469575013070^MaisieTate^70073174012?2,;6709234663091029=3705355188?9,Ap #357-3371 Nam St.,T1W 2G0,31031,Leigh,"Brent, Hedwig, Amy, Cara",Jana,05 18 09 09 21,Branden,1-109-349-0203,lacus.Etiam.bibendum@aliquam.net,"Sat, Feb 10",
502,orange,Nulla Facilisis LLC,86467,Kaye Gould,2146,536,%B4913668989318821^AhmedFischer^1601352794?4,;6470810000289595=78078117?4,Ap #808-7178 Ultrices Road,P9L 4W4,98837,Joy,"Ulysses, Zena, Bert, Yvette",Ivy,04 94 57 18 62,Philip,1-798-921-2991,est@hymenaeosMauris.edu,"Mon, Apr 17",
503,orange,Mauris LLC,590685,Ora Trevino,2368,632,%B4903854880200670^RamaWebster^85065584? ,;349164777207337=7707528957?5,1346 Semper Road,H6W 3R8,61653,Xaviera,"Jocelyn, Jelani, Leslie, Jarrod",Odette,01 13 94 07 10,Armando,1-437-149-6664,Curae@Nunclaoreetlectus.net,"Tue, Oct 23",
504,yellow,Bibendum LLP,4919,Shoshana Anderson,4354,299,%B180097471401925^LaviniaRoberts^19018886775?8,;214911049591043=1203492479? ,Ap #934-7980 Libero Rd.,F7W 1G6,1604,Althea,"Clayton, Xerxes, Libby, Imelda",Ayanna,06 67 53 12 76,Jillian,1-472-449-4049,tellus@eget.ca,"Tue, Oct 09",
505,indigo,Sit LLC,34970,Wendy Chang,9239,304,%B6472102116765033^WinterMarquez^93079868? ,;6304648500956046=22036272764?5,Ap #947-7171 Velit Rd.,D9Z 4P7,41934,Blaine,"Laura, Rowan, Leroy, Dalton",Ursa,06 51 76 30 87,Sydnee,1-627-241-9743,porttitor.tellus.non@elitpede.edu,"Sat, Jun 24",
506,violet,Molestie Sodales PC,71117,Sopoline Shelton,3631,965,%B6767075945231167^KendallFerguson^09108632631? ,;676227132443=1101402432?9,8403 Dui. Rd.,T8P 6W3,82770,Athena,"Cameron, Chaney, Lyle, Buckminster",Zoe,05 85 83 43 78,Laith,1-782-649-8673,non.leo@esttemporbibendum.com,"Sun, Jan 07",
507,violet,Integer Inc.,30228,Macy Farrell,7297,950,%B5497278569090195^KnoxMeyers^86019189758?7,;6331109733657221=02104265298? ,343-6023 Augue Rd.,B6W 5K1,34693,Melodie,"Finn, Casey, Ezekiel, Fredericka",Jaquelyn,09 74 14 01 30,Barry,1-211-956-8793,purus.accumsan.interdum@tempordiam.org,"Sun, Dec 10",
508,violet,In Consequat Foundation,831742,Naida Willis,1874,697,%B376130491832193^ReedMckenzie^8301255626? ,;214960733379074=8901298917? ,2130 Aliquam Rd.,X5M 0Z4,62205,Laura,"Ora, Mannix, Keaton, Desirae",Whilemina,02 81 41 66 81,Cyrus,1-626-239-8336,erat.Vivamus.nisi@scelerisquescelerisque.com,"Fri, Aug 04",
509,red,Vehicula Et Rutrum Associates,60119,Alice Duffy,3386,673,%B4929370665370^ErinHolman^7110851601? ,;6011809544433731=95013816069? ,514-4496 Nunc Rd.,X3G 7C4,5196,Ayanna,"Buckminster, Orla, Austin, Leandra",Kai,05 73 52 22 95,Idona,1-887-941-3681,vestibulum@nonarcu.edu,"Fri, Jul 14",
510,yellow,Convallis Company,59102,Shelley Swanson,6426,516,%B4466199283044^UtaWhitney^77104325215?9,;36751140568888=05059047? ,"P.O. Box 585, 6108 Nam Rd.",G1O 8P4,59831,Ruth,"Rama, Geraldine, Kirestin, Indigo",Basia,09 82 18 67 57,Brennan,1-968-920-9302,nec@noncursus.co.uk,"Mon, Jul 09",
511,blue,Penatibus Et Magnis Institute,9818,Eleanor Bates,6309,436,%B309759274176386^AnjolieRoy^03068093? ,;313242039641105=03098323?5,Ap #599-1245 Euismod Street,D4R 2D5,72039,Fleur,"Nehru, Constance, Jenna, Benjamin",Desiree,05 43 74 34 08,Timon,1-291-301-4635,senectus.et@interdum.ca,"Fri, Jul 28",
512,green,Nam Interdum Industries,47402-414,Lunea Rios,8544,615,%B4716799317612^DeclanOsborne^92062333? ,;313699630112903=06034631855?9,Ap #632-6133 Mollis Street,H7X 7F4,26457,Leigh,"Emerson, Geoffrey, Clementine, Jaden",Mira,04 26 25 47 50,Hakeem,1-468-632-5502,amet@telluseu.org,"Tue, Jan 31",
513,red,Mollis LLP,4469,Willa Beard,7792,129,%B4905690270106707^JustineFloyd^8502590604?3,;376405764974421=07038693426?7,379-6667 Dolor St.,J9P 0Z5,75831,Illiana,"Miranda, Declan, Zachery, Holmes",Leah,07 15 23 77 86,Frances,1-728-161-6130,ornare@euneque.edu,"Sun, Feb 05",
514,red,Donec Tincidunt Donec Limited,280278,Fatima Hampton,6570,788,%B6767922639905244^ColinCraig^22066445386?5,;6709729686539524=2605663138? ,6497 Sit Rd.,W9S 1V7,65481,Sybil,"Riley, Kitra, Zoe, Cade",Veda,06 22 57 28 04,Chaim,1-163-776-2552,erat@sempercursus.edu,"Tue, Nov 13",
515,blue,Litora Incorporated,83324,Lois Caldwell,1461,408,%B379768647775043^EmilyJames^32111994?8,;180069228048077=16105164868? ,"P.O. Box 698, 6977 Neque. St.",C6X 1Q4,84238,Anne,"Kylie, Warren, Kyra, Vernon",Karly,08 08 22 72 26,Naomi,1-200-238-2715,dictum@Craseu.net,"Thu, Jun 22",
516,blue,Ultrices Mauris Ipsum Industries,44295,Hilary Warren,7503,956,%B6304897228413836^CoraBoone^89113258282? ,;180019062965845=1401764825?8,5808 Aliquam Ave,B6X 4E8,6970,Hope,"Oren, Felix, Alden, Marny",Jorden,07 44 76 57 85,Yvonne,1-295-458-8340,Cum.sociis@Suspendissecommodo.org,"Fri, Oct 05",
517,indigo,Nulla Dignissim Maecenas Associates,30837,Roary Garcia,7342,978,%B36294061250418^BreeRichardson^25047716617?5,;214900121726932=88096561804?3,3018 Natoque Rd.,V1W 6T8,10517,Jillian,"Kirestin, Hu, Simon, Oliver",Myra,08 46 67 47 84,Samuel,1-374-613-9769,blandit@posuereenimnisl.edu,"Thu, Jun 15",
518,green,In Tempus Consulting,12-866,Irma Carpenter,7821,950,%B6491350191874116^JelaniMaldonado^32107846?7,;311060894431699=01036284? ,"304 Eget, Avenue",P2I 2D1,23936,Madonna,"Summer, Kasper, Raphael, Nathaniel",Lunea,02 36 90 03 03,Nell,1-365-469-8089,Sed@interdumenim.co.uk,"Thu, Sep 14",
519,green,Proin Limited,507947,Daryl Deleon,3859,273,%B36088850096101^AsherDickson^2812440954?2,;315561359975126=14126431?3,553-6945 Nascetur Rd.,I5X 7E9,58962,Xyla,"Camden, Kai, Quamar, Ava",Sigourney,01 75 11 73 38,Amaya,1-418-229-5652,risus.a@eleifendvitae.com,"Fri, Sep 07",
520,orange,Sed Dictum Proin PC,25-512,Xyla Sandoval,4798,588,%B309818548099111^WandaCain^74044348?3,;676218039391=0810455123?3,9094 Aliquam Road,O5M 0Z5,98307,Darrel,"Mercedes, Blaze, Lucy, Rhonda",Sage,01 78 60 04 98,Rigel,1-511-502-6744,at.auctor@laciniaSedcongue.edu,"Fri, Jul 20",
521,indigo,Dolor Sit Limited,81676-097,Quin Dudley,5546,889,%B30233839157261^ImeldaShaw^29024683824? ,;36354536360711=30113946? ,Ap #671-186 Ultrices. Ave,J8E 3R3,78612,Kameko,"Hilel, Benedict, Tara, Elton",Kiayada,07 43 30 35 60,Declan,1-959-364-8804,vestibulum@necurnaet.edu,"Thu, May 18",
522,red,Eget Odio Aliquam Corp.,28909,Hilda Frazier,6773,268,%B30004730982598^MasonJefferson^8703437564? ,;4532002980769=8706879968? ,4892 Curae; St.,A7A 2C9,70373,Wyoming,"Mercedes, Genevieve, Jerry, Kuame",Amena,08 46 81 87 59,Kaye,1-466-683-1770,ac@metus.com,"Sat, Nov 24",
523,blue,Neque Venenatis Foundation,541390,Basia Webb,4766,600,%B6473554015857601^WangCain^31064218?9,;377813182309527=74032416233? ,"P.O. Box 851, 7118 Mi Av.",T3M 0K0,79109,Joan,"Yoko, Graiden, Gareth, Kylynn",Reagan,05 78 41 54 04,Zelda,1-246-605-4269,aliquet@nec.com,"Sun, Mar 25",
524,violet,Montes Nascetur Ridiculus PC,7049 SW,Florence Turner,5497,670,%B5209182515953184^UrsulaHutchinson^78113789? ,;676361415935=3410172298? ,9954 Vitae Rd.,P4L 8D6,48934,TaShya,"Jolie, Phelan, Armand, Hasad",Ignacia,07 33 83 05 57,Inga,1-355-363-3922,Praesent@varius.edu,"Fri, Apr 14",
525,yellow,At Foundation,836509,Shana Olsen,4884,787,%B36006632777293^BreeRobles^81034049? ,;6767695756778160=1701915713?3,1343 Luctus Av.,Q0J 8P6,93027,Lana,"Tyrone, Shafira, Rebekah, Brynne",Kim,09 63 31 29 20,Yuli,1-956-352-8345,Duis.sit.amet@elitpede.net,"Sat, Jan 06",
526,green,Massa Non Ante Company,48947,Tara Mcpherson,7854,768,%B36287736842429^HakeemWatts^38017214? ,;4532379756743=71052861276? ,4702 Ullamcorper Street,G2O 5Y9,1077,Olivia,"Dakota, Buffy, Burke, Perry",Amena,01 57 16 76 96,Miranda,1-605-479-6579,tincidunt.nunc.ac@adipiscinglobortisrisus.edu,"Fri, Apr 20",
527,yellow,Aliquam Ultrices Iaculis Associates,8536,Kiayada Tillman,8677,154,%B6767478626866196^KuameDickson^90041494641? ,;36668634012738=30045036044? ,"P.O. Box 157, 7719 Posuere Street",Q0A 0Z8,55481,Mallory,"Beau, Keelie, Ella, Ahmed",Ariel,09 26 92 18 91,Quinlan,1-523-707-5245,penatibus.et@vel.net,"Thu, Nov 08",
528,indigo,Libero Corporation,58335,Vanna Greene,4176,990,%B6331103651481029^PriscillaDelaney^82118131? ,;318186711114656=70117038?4,258-1676 Vel Avenue,F7L 0G9,84521,Ivana,"Juliet, Orlando, Jemima, Hannah",Jemima,05 97 22 25 91,Meredith,1-811-493-0519,sed.pede.nec@Morbiquisurna.com,"Wed, Jan 24",
529,green,Elit Pharetra Ut PC,907000,Rebecca French,9104,545,%B377543706444597^DentonSwanson^0104167663?3,;6709262280899136=82109975620?9,828-7434 Neque Street,O5V 9I2,65266,Camilla,"Lydia, Len, Ethan, David",Shannon,03 48 62 84 88,Hiroko,1-974-445-0503,odio.sagittis@metuseu.com,"Sun, Feb 18",
530,orange,Placerat LLP,24712-707,Joy Brewer,8107,234,%B6709491804793836^GraidenRosa^97096991668? ,;36501967201323=70015829538? ,"P.O. Box 968, 1076 Non, Rd.",O6G 5U0,49289,Echo,"Medge, Hillary, Megan, Shellie",Indira,09 08 16 87 05,Quon,1-977-637-4192,mauris.sapien@risusDuis.ca,"Wed, Aug 08",
531,green,Et Inc.,19846,Adele Levine,8839,761,%B370411980043187^AdamBarrera^25114517? ,;30391174331253=0605514643?7,170-7854 Et Av.,E1H 8P9,50170,Jessamine,"Althea, Kirk, Oren, Jeremy",Christen,02 24 64 43 42,Carly,1-785-718-7336,aptent.taciti@arcuCurabitur.ca,"Sat, Jan 13",
532,blue,Ipsum Curabitur Industries,79796,Shana Flynn,8027,267,%B213177074426155^AdeleHawkins^2606752704? ,;309385563421091=14076468?1,Ap #910-5707 Mauris Street,H4R 4K3,25250,TaShya,"Todd, Dexter, Winifred, Robert",Rina,07 96 88 26 45,Gay,1-670-668-5116,Quisque@ligulaNullamenim.edu,"Wed, May 03",
533,red,Ornare In Corporation,87890,Olga Dunn,1205,526,%B180080406396139^MartinThornton^37072031578? ,;214937183065601=02041679064? ,883-4243 Quam. Avenue,X7Y 0X6,23562,Galena,"Caesar, Venus, Ainsley, Hilary",Skyler,08 95 18 35 64,Holly,1-211-965-3128,at@Seddiam.co.uk,"Sun, Nov 04",
534,blue,Rutrum Corp.,2877,Noelani Adams,6172,605,%B589325497925^VeraDunn^9609494154?3,;675969881449=30054687? ,754-7273 Arcu. Rd.,V8C 4F8,95261,Idona,"Martin, Valentine, Wang, Cheryl",Savannah,07 81 78 54 08,Ila,1-277-728-4060,mi.fringilla@ornare.edu,"Sun, Sep 03",
535,violet,Rutrum LLP,5365,Zephr Frank,8837,395,%B6771344414366639^DevinBrewer^94126422?6,;6767415396055949=32039226? ,598-2084 Donec Rd.,U9K 9W1,94628,Brenna,"Keegan, Bert, Geraldine, Tucker",Macey,07 95 34 51 02,Pearl,1-990-243-4433,vulputate.dui@vulputateveliteu.co.uk,"Sat, Nov 10",
536,yellow,Vestibulum Company,830130,Cecilia Donaldson,3070,762,%B676242531744^GalenaHood^75081709?8,;6477553054875728=99108097260?2,215-9749 Morbi Road,E7P 2R9,32321,Karleigh,"Jaden, Haviva, Calvin, Dustin",Jolie,06 95 59 45 97,Ralph,1-863-772-4221,libero@Maecenasmi.com,"Sat, Apr 29",
537,blue,Lacus Ut Incorporated,9213,Lillith Rocha,4122,358,%B4936079150581960^JoleneBeasley^9203647936? ,;30506459244596=30102744807? ,Ap #592-4318 In Avenue,Z5O 9H7,98776,Jacqueline,"Veronica, Gwendolyn, Deanna, Scott",Iola,07 29 70 56 31,Ferdinand,1-280-718-3809,ac.risus@auctornon.com,"Wed, May 30",
538,orange,Diam Company,54173,Basia Pratt,7658,448,%B6466569907172603^CodyKnapp^00032547? ,;4539781088581=06011687456? ,"P.O. Box 763, 9218 Malesuada Rd.",Z4S 6E2,46766,Hedwig,"Danielle, Dana, Tad, Malcolm",Simone,08 95 37 62 71,Zelenia,1-785-106-9411,dui.Suspendisse@maurisSuspendisse.ca,"Wed, Aug 23",
539,red,Orci Adipiscing Non LLP,0744 NT,Vielka Stout,6066,987,%B36092821279861^JacquelineBright^7410795947? ,;36755534065401=72083743514?4,"P.O. Box 377, 4927 Pede, St.",G2I 6Q2,36989,Basia,"Kay, Galena, Ralph, Tarik",Erica,09 79 61 91 43,Claudia,1-203-291-0160,vitae@consectetuermauris.co.uk,"Sun, Jul 23",
540,orange,Pellentesque A Facilisis Ltd,72-658,Alea Ayers,2360,732,%B571585523913^MaraMurray^92116282? ,;309053886554853=86045397?1,4600 Diam Av.,J5Y 8C6,54090,Pascale,"Tad, Otto, Lucas, Lareina",Kathleen,07 34 06 18 06,Garth,1-636-182-9961,vitae.erat@velit.org,"Mon, Dec 11",
541,green,Dolor Quam Limited,M9Z 5J1,Cassidy Grant,5887,303,%B214976483472158^PalmerWoods^32013174? ,;4905442557201946=83105747? ,"P.O. Box 805, 7314 Iaculis Avenue",Z6U 0B9,3578,Naida,"Xerxes, Graiden, Moana, Bree",Zorita,02 19 47 82 21,Colorado,1-389-846-5467,leo.Morbi.neque@egestasurnajusto.edu,"Sun, Jul 01",
542,blue,Vel Sapien Imperdiet PC,77496,Tamara Melendez,1447,799,%B4175003057198934^LuneaHiggins^16054938747? ,;36594185912029=0702181303?8,450-4805 Lectus Rd.,H1R 2B4,87506,Rosalyn,"Ivory, Abel, Damon, Harriet",Callie,07 93 84 86 27,Flynn,1-924-455-4267,orci.luctus@etultricesposuere.net,"Fri, Nov 16",
543,yellow,Tristique Inc.,97300,Idona Dorsey,8956,139,%B6771947582482259^DestinySweet^02026909113? ,;36852759125968=19023844161?6,"P.O. Box 793, 9930 Nec, Rd.",O8M 0U0,61485,Dai,"Gabriel, Colton, Fleur, Brian",Karleigh,07 68 74 54 21,Sade,1-140-629-5672,Nam@sedsemegestas.ca,"Sat, Jul 21",
544,red,Donec Felis Limited,29128-962,Florence Kent,5408,764,%B180096258365592^RoseMcgee^2903688837? ,;6771007295239841=18129858? ,9303 Commodo Street,Z6T 8X2,57277,Amanda,"Josephine, Aurora, Portia, Rinah",Yael,05 91 11 10 78,Lunea,1-328-426-8738,velit.Cras.lorem@Vestibulumaccumsan.edu,"Mon, Oct 16",
545,red,Venenatis Vel Ltd,6522,Portia Dillard,7569,797,%B309096937257182^AdrienneLamb^7103508320? ,;36412273561758=7711906424? ,"P.O. Box 768, 2953 Viverra. St.",E0T 8C2,64059,Ora,"Fuller, Fulton, Carly, Orlando",Belle,06 73 47 89 85,Blake,1-781-726-4639,viverra.Donec@vulputatemauris.net,"Mon, Dec 04",
546,orange,Tellus Suspendisse Sed Inc.,388399,Bryar Mcgee,3104,195,%B36780000300637^MurphyTyson^0205730313?9,;6771073667152954=2911324263?9,Ap #548-506 Auctor Rd.,Q9E 1I0,39298,Lacota,"Jermaine, Zahir, Abra, Abraham",Marah,01 25 66 09 34,Katell,1-391-213-3557,mauris.a@consectetueradipiscing.net,"Wed, Apr 19",
547,violet,Elementum Purus Associates,952,Kristen Valdez,1404,272,%B30347952091295^KellieHarding^24016127? ,;319909156529172=8105548969? ,Ap #228-6765 Praesent Av.,Z9A 1F4,5161,Kellie,"Graham, Palmer, Anthony, Reese",Jennifer,07 99 28 95 12,Nayda,1-173-867-3176,rutrum@risusatfringilla.net,"Sun, Jul 30",
548,violet,Felis Inc.,753302,Nevada Cantu,2583,885,%B213188969434519^AmyGrimes^9808929797?8,;676198892892=71057798? ,"P.O. Box 920, 4800 Libero. Ave",T7Q 4G6,63503,Melissa,"Xavier, Amela, Logan, Jameson",Winter,03 42 84 78 88,Christen,1-445-394-2638,purus.Nullam@elit.co.uk,"Tue, Dec 25",
549,orange,Imperdiet Nec Leo Corporation,360107,Yael Mack,3147,171,%B36670594737213^RamaWhitley^12105629?8,;213129278121884=7409514861? ,Ap #189-2551 Euismod Road,H2C 8U6,25794,Karyn,"Jonah, Maia, Lawrence, Seth",Michelle,07 03 60 82 57,Callie,1-473-302-0725,Curabitur.vel.lectus@Suspendissetristique.org,"Sun, Sep 30",
550,green,Eu Tellus Eu Consulting,11018,Rebekah Mcconnell,2214,986,%B374866129171742^HarperJohnston^25088141?7,;5156374503159642=00069873836?5,Ap #764-7638 Tellus. St.,J6Z 6E7,18804,Riley,"Neil, Stephanie, Abdul, Lavinia",Bree,02 19 90 47 84,Rowan,1-277-587-2689,enim@risusa.com,"Thu, Jan 11",
551,violet,Sit Amet Risus Corporation,11796,Tamekah Hines,6597,751,%B180004939448134^CruzLivingston^9410457735? ,;375136416266228=83108147321?5,778-4110 Donec Av.,G6R 2O9,60583,Jemima,"Leroy, Naida, Sacha, Cooper",Madeline,05 10 52 36 76,Seth,1-853-523-3821,Maecenas.mi@aliquam.com,"Mon, Jan 15",
552,violet,Sed Dui Fusce Ltd,48966-299,Quin Spence,9393,411,%B6443884866250896^FultonChaney^0502998216?5,;201405074600527=76095355?5,8230 Morbi St.,M6S 6W6,1756,Willa,"Benedict, Preston, Gregory, Lesley",Quyn,06 66 37 52 06,Camden,1-130-788-9383,Sed.et.libero@felis.net,"Fri, Feb 02",
553,green,Sagittis Nullam Vitae Associates,66758-927,Quyn Ballard,3527,714,%B30151085189608^UrsaCline^13108699731?2,;6487335726430373=98129688560?4,9124 Senectus Av.,G8F 5Y7,20417,Imogene,"Wesley, Kane, Devin, Rebecca",Willa,01 96 61 01 40,Uma,1-225-335-8860,Donec@rhoncusProinnisl.net,"Sat, Apr 28",
554,orange,Lobortis Risus In Industries,394772,Germane Holt,9892,635,%B6709942579817473^AspenBond^20088662307?3,;30360856213634=86053733? ,6198 Eleifend Avenue,Y8C 2X7,81567,Nola,"Craig, Hanna, Griffin, Melinda",Lillith,09 52 51 57 72,Courtney,1-308-574-9449,porttitor.scelerisque.neque@dictummiac.edu,"Sat, Jan 21",
555,orange,Tortor Nunc Commodo Ltd,54-959,Amela Morris,3101,962,%B4024007186402^PearlMoore^02046323898? ,;5220283403223030=0211216454? ,"679-3079 Enim, Road",W5Q 7Q3,85698,Sopoline,"Chandler, Boris, Kelly, Cruz",Yoko,03 37 82 72 76,Zachery,1-236-935-6683,quam.Pellentesque@natoque.org,"Sun, Feb 04",
556,green,Viverra Maecenas LLP,C9K 5X8,Orli Rivas,9668,781,%B213179204333327^UlricStanton^8310299530? ,;377299355394936=20047921463?6,"P.O. Box 526, 2696 Enim St.",P5V 6S6,81703,Olga,"Rae, Shelley, Jorden, Lavinia",Libby,05 79 12 19 28,Valentine,1-835-518-3871,erat.volutpat.Nulla@libero.net,"Thu, Sep 28",
557,blue,Massa Rutrum Magna Ltd,9730,Lareina Jacobs,9716,606,%B6709979914961079^YeoWilliamson^9512864495?8,;4913012638084510=92022337191? ,830-1551 Eros St.,L8J 7V5,98726,Imani,"Isaiah, Desiree, Ciara, Slade",Fay,02 56 62 20 71,Alden,1-493-828-1400,tellus@scelerisquemollis.org,"Sun, Jan 28",
558,green,Diam Dictum Company,72051,Sydney Williamson,2220,913,%B4026758803242440^KadeemVasquez^76123314202? ,;201456138289278=14091856564? ,"P.O. Box 813, 1357 Nec Rd.",M2A 8H5,72063,Mia,"Wynter, Illiana, Katell, Callum",Florence,04 71 34 60 54,Luke,1-889-155-1081,ultricies.ornare.elit@non.org,"Thu, Sep 13",
559,red,Scelerisque Associates,4911,Lara Davis,4466,714,%B201464759477362^DakotaSavage^2804153268?2,;374192126789406=28034978270?5,1032 Sem Road,V3Q 3V0,83626,Jolie,"Jemima, Xaviera, Hillary, Marshall",Amelia,08 86 88 06 23,Lareina,1-963-965-3839,hendrerit.id@penatibuset.ca,"Sat, Aug 05",
560,violet,Leo Vivamus LLP,3560 XN,Yael Castro,1318,228,%B6334541366318092^KylanZamora^81032174034?2,;4716109850914=19053417409?2,627-2696 Laoreet Ave,V1J 1M0,94748,Carissa,"Kane, Hector, Wesley, Holmes",Hillary,03 69 36 73 16,Beck,1-575-718-0630,tempor.arcu@Quisqueac.net,"Mon, Apr 02",
561,indigo,Egestas Hendrerit Neque Industries,464803,Heidi Merritt,8696,965,%B6011200075241505^CullenHebert^1009527804?5,;4905088962697242=7207159778? ,Ap #118-8260 Laoreet Road,D2U 9Q4,72171,Melinda,"Benedict, Vivien, Arsenio, Megan",Violet,07 54 18 14 49,Georgia,1-886-650-9329,Integer.aliquam@non.edu,"Fri, May 11",
562,blue,Rutrum Industries,3186,Halee Clarke,6618,506,%B376342979712587^JakeemPoole^04129549068? ,;36696759178059=04085936259? ,"P.O. Box 946, 6582 Erat Av.",Y3W 6Q5,8049,Abra,"Isaac, Daryl, Mari, Rhonda",Uma,01 88 71 18 85,Richard,1-615-891-9021,interdum.ligula@ipsumprimis.org,"Tue, Aug 22",
563,blue,Metus In Nec Corp.,24979,Wynne Weaver,6889,950,%B6472157199098876^OmarBass^85065437674? ,;180091538250649=15086112700?5,Ap #184-2173 Augue St.,C9U 7H4,4435,Leila,"Rhiannon, Quinn, Tamekah, Kaitlin",Iola,01 29 04 19 70,Lydia,1-735-633-9670,amet@Nullamlobortis.com,"Sat, May 06",
564,blue,Et Incorporated,999645,Amanda Barker,3710,138,%B379613811802456^BenjaminMiller^97125851328? ,;675905680350=1506744760? ,284-680 Consectetuer St.,V1I 9D7,5193,Grace,"Tatiana, Orli, Sonia, Steven",Cheryl,04 51 52 96 35,Tyler,1-879-993-0898,odio.Aliquam@liberoDonecconsectetuer.ca,"Fri, Jul 27",
565,red,Tempor Augue Ac Foundation,7257,Joy Nicholson,5257,473,%B30056420693679^TigerHester^86028575? ,;30497988578607=85036219130? ,9390 Aliquam Av.,W5Y 4D6,41717,Madeson,"Breanna, Byron, Dakota, Dorian",Brittany,02 72 51 76 86,Amelia,1-402-175-6944,pede.nec@ridiculusmus.net,"Wed, Aug 08",
566,blue,Sed Et Libero Limited,67163,Jorden Jordan,3974,686,%B676397399806^MicahStein^92117757874?3,;6759240426103117=31064074071? ,645-273 Eu Rd.,T4R 4F1,83350,Remedios,"Alexander, Chastity, Lucian, Sarah",Lenore,01 57 84 46 48,Vanna,1-652-471-3808,erat.volutpat.Nulla@mi.edu,"Wed, Mar 21",
567,yellow,Iaculis Odio Foundation,25444,Daphne Stanton,9002,199,%B180011205349110^NitaNoel^8410488824? ,;370378891238604=98046438? ,"P.O. Box 210, 1497 Dolor. Street",I2W 6L4,38714,Ignacia,"Bertha, Gemma, Addison, Reuben",Halla,08 54 94 58 28,Courtney,1-423-576-1505,ipsum@nunc.org,"Tue, Jun 20",
568,violet,Vitae Risus Corp.,951104,Briar Norman,1265,360,%B6767478548819620^TanyaBarnett^2208209772? ,;201401350922461=98128491?9,5908 Integer Av.,T5G 8A7,47876,Mikayla,"Zelenia, Rhiannon, Scarlett, Diana",Brittany,07 01 03 93 39,Hedley,1-539-505-8042,semper@euaugue.org,"Fri, Jul 14",
569,indigo,Tempor Ltd,8047,Rina Frank,6051,245,%B5591303537989560^KelsieManning^7108401661?7,;30234748007563=1705201367? ,Ap #429-9872 Dui Street,B5A 5B5,90654,Virginia,"Sebastian, Garrett, Cora, Otto",Kylee,03 81 96 15 14,Talon,1-182-417-4199,euismod@Quisquenonummy.net,"Thu, May 24",
570,blue,Purus Ac Tellus Limited,99762,Audra Reed,2542,993,%B675914612089^FelixSears^08037248753? ,;180093957593947=03061845? ,"P.O. Box 699, 4730 Torquent Ave",U0X 8O4,29035,Amethyst,"Hilary, Price, Kristen, Quemby",Nerea,09 56 19 05 48,Garrett,1-217-915-3269,mauris@consectetuer.edu,"Sun, May 07",
571,violet,Cras Sed Corporation,67769,Lisandra Patterson,3076,705,%B6767028253496500^JamalCooley^00018152448?5,;36503762529239=12087221?5,Ap #613-4547 Ligula Rd.,L8Y 5A3,91845,Debra,"Kimberley, Kuame, Branden, Jasmine",Nayda,04 69 16 31 78,Thor,1-395-684-2064,pharetra.Nam@at.net,"Sat, Oct 20",
572,orange,Quis Inc.,102433,Carissa Velazquez,9757,545,%B373649991511992^IllanaTate^04126972? ,;4508052974194763=02077599?9,408-4068 Lectus. Rd.,Z0K 0I0,48405,Shaine,"Lars, Lawrence, Ralph, Bruno",Imogene,06 77 86 97 51,Howard,1-805-947-7935,nibh.enim.gravida@magnamalesuada.net,"Thu, Jan 11",
573,red,Fringilla Euismod Enim Ltd,22257,Blair Neal,9434,811,%B6334939075202153^ShadGrimes^10105713890?9,;5470577326894323=2407861653?6,Ap #366-7254 Sit Av.,W1F 2I2,44599,Laura,"Lael, Driscoll, Arden, Cain",Naomi,03 75 20 63 78,Ahmed,1-554-160-4584,ultrices.Vivamus.rhoncus@eratvelpede.co.uk,"Tue, Apr 03",
574,green,Sem Ut Cursus Limited,CB2T 8KP,Dahlia Olsen,4561,114,%B201408339478010^FreyaStrickland^75099003409?1,;36511510746724=8203386508? ,"Ap #727-6707 Non, Rd.",V0C 0P2,32735,Dana,"Mannix, Kelsey, Dawn, Todd",Ebony,05 08 70 76 01,Quon,1-541-804-8387,sem.egestas.blandit@auctornonfeugiat.net,"Thu, Jul 13",
575,red,Mi Enim Condimentum Associates,9185,Bell Sargent,5916,869,%B6452870894323522^RajaNixon^24113969?5,;30006754693936=87035395328?8,355-2426 Sit Ave,P1X 4N2,93210,Megan,"Liberty, Thane, Lane, Eaton",Shafira,02 29 14 67 83,Samson,1-376-706-8121,sollicitudin.adipiscing.ligula@Pellentesqueutipsum.ca,"Tue, Dec 12",
576,indigo,Felis Adipiscing Fringilla Incorporated,76439,Scarlett Maxwell,3352,289,%B309099768679524^KaiMcdonald^02047356562?6,;6334293624647942=23078946816?7,8382 Etiam Av.,F2U 7L8,29088,April,"Tucker, Brock, Ila, Karly",Alika,01 53 82 15 53,Laith,1-858-729-8958,pharetra@molestiedapibusligula.co.uk,"Tue, Feb 06",
577,red,At Nisi Cum Inc.,353,Susan Arnold,6183,418,%B372591452471681^BrendanFranks^84052389788? ,;6759137039874201=79096389363? ,395-1359 Mauris Ave,V8C 6R9,50052,Moana,"Signe, Yoshio, Nadine, Cameron",Kerry,04 71 08 17 30,Quail,1-127-673-1642,massa.Integer@elit.org,"Thu, Aug 30",
578,blue,At Lacus Quisque LLC,58713,Jaquelyn Byers,3988,770,%B4903470749227323^RaphaelTalley^00111499652?9,;4916368696996=9504304111? ,9447 Adipiscing Road,P4M 6T1,36858,Tallulah,"Nero, Harlan, MacKensie, Oleg",Xandra,03 04 71 74 79,Raven,1-842-362-0998,parturient.montes@Quisquevarius.co.uk,"Sun, Mar 04",
579,orange,Suspendisse Tristique Neque Associates,V4M 0G3,Lael Rice,3618,772,%B318309537474019^WilliamAdams^86112869?1,;6575088349709599=31063955485? ,"P.O. Box 734, 2495 Bibendum Road",P3K 6C2,11903,Regan,"Dalton, Yardley, Randall, Sonia",Cherokee,09 49 64 65 21,Joelle,1-760-379-5606,massa@dis.org,"Mon, Jan 08",
580,orange,Natoque Institute,75931,Clio Daniels,8472,892,%B6488778582870928^KennanDickson^8905213408?8,;319955946528008=77013302? ,666-9619 Ultrices Avenue,B3K 2K6,45044,Yeo,"Amity, Hammett, Martin, Justina",Patience,09 73 33 61 84,Ali,1-838-596-0372,Sed@acarcuNunc.ca,"Mon, Jan 15",
581,red,Ac Feugiat Inc.,668259,Orli Kerr,4350,429,%B4532313518506^MaggyChen^3201574301?1,;6334444593527306=9108641123?1,841-8483 Risus Rd.,N0D 7O1,17406,Vera,"Armando, Zelda, Murphy, Halee",Jael,06 41 70 11 98,Aubrey,1-225-684-4564,tincidunt.dui@amet.com,"Wed, Feb 01",
582,orange,Molestie Arcu Corporation,5644,Kyra Rose,1271,855,%B213168567060510^CiaraQuinn^76034698522?3,;5428938519761112=9311634698? ,"P.O. Box 322, 6816 Auctor St.",O3R 3A3,18875,Evelyn,"Leah, Basia, Russell, Gillian",Quincy,02 06 91 27 43,Jennifer,1-938-961-7382,rhoncus.Proin.nisl@elementumpurusaccumsan.edu,"Thu, Jun 14",
583,indigo,Nibh Consulting,6492,Pascale Watts,9256,540,%B6771741247980041^RuthMarshall^1109162642?1,;6334342841214273=16046306983? ,850-3782 Urna. St.,H5U 5D3,56808,Ciara,"Talon, Brennan, Zenia, Nissim",Celeste,06 95 04 89 23,Naida,1-335-930-2721,sapien.Aenean@nequevitae.edu,"Fri, Nov 10",
584,yellow,Sagittis Duis Gravida Corporation,N07 7OM,Zenia Green,4682,859,%B343510010693913^CourtneyReynolds^84054015767? ,;5476851213824873=26056736037?8,"P.O. Box 856, 7718 Sagittis. Street",U7X 2V8,72545,Keely,"Mechelle, Glenna, Zorita, Seth",Desirae,07 79 79 26 46,Cynthia,1-902-299-7188,morbi.tristique.senectus@molestieSed.net,"Thu, Mar 29",
585,orange,Est Institute,S2C 8N0,Brittany Ashley,1920,703,%B36646328199706^KiaraPeck^87086349244?5,;36556631195947=9910921961? ,5180 Aliquam Ave,U2A 7B0,64137,Raven,"Xavier, Iona, Dominic, Kamal",Elizabeth,06 46 79 96 34,Guinevere,1-554-998-7495,Nullam@turpis.org,"Fri, Mar 24",
586,green,In Incorporated,71612,Tasha Fletcher,2884,876,%B214937246744598^RheaParsons^09066252? ,;6771907694913880=7310494279? ,"P.O. Box 490, 8243 Etiam Rd.",Z0Z 4B3,95427,Reagan,"Octavius, Adara, Ezekiel, Dylan",Nadine,01 18 04 10 30,Galena,1-148-267-3695,euismod.enim@tempor.com,"Tue, Feb 06",
587,violet,Nostra Per Inceptos Inc.,16326,Nora Ramos,4079,664,%B676111140668^FionaBarnett^3409223176? ,;36179571311398=87081933538? ,Ap #610-740 Tellus. St.,E8G 6D2,93908,Naida,"Idola, Sage, Jarrod, Stone",Laura,02 61 63 93 61,Kevyn,1-374-658-4592,Aliquam.ornare.libero@egetipsumSuspendisse.ca,"Sat, Oct 27",
588,violet,Lorem PC,2459,Marny Wade,3223,511,%B676105222563^GregoryBond^83018453427?4,;6767508175219304=18095796?9,Ap #624-2594 Mus. Rd.,W2J 5R3,3359,Kim,"Alea, Alice, Drew, Stephanie",Halee,08 35 74 72 82,Orson,1-723-886-4613,semper.pretium@vulputate.org,"Fri, May 11",
589,green,Id Sapien Cras Corporation,42-763,Rana Mcclain,6764,998,%B309465754882721^JacobWolfe^9002165873?5,;4903043385307939=75024635582?5,9610 Et Rd.,M6I 0S4,33342,Ina,"Devin, Adara, Cathleen, Lillian",Carly,02 01 32 37 92,Brent,1-882-663-6365,amet.faucibus@convallisconvallis.net,"Fri, Mar 16",
590,red,Proin Inc.,70807,Veda Beard,8544,750,%B676130114512^ShellieAustin^87122242754?4,;36109655356183=28055321? ,Ap #370-2627 Egestas. St.,I8F 4L8,18988,Melinda,"Barry, Odysseus, Otto, Dana",Claire,07 08 90 28 74,Alfreda,1-434-705-1510,ac.libero@nonlacinia.edu,"Sat, Jul 21",
591,blue,Diam Lorem Auctor Inc.,7639,Raven Holmes,6862,714,%B4556723916166^KyraIngram^2006759381? ,;30391322354520=05127508048?8,Ap #758-4948 Tempus Avenue,S8X 9R6,25832,Ayanna,"Candice, Walter, Amity, Charlotte",Lacy,02 95 33 18 55,Octavius,1-889-296-6803,eu.placerat@Aeneangravidanunc.net,"Wed, Feb 01",
592,violet,Integer Eu Corp.,4902,Petra Lane,2054,889,%B30473161338465^RonanDuke^81108568372? ,;5641827525543609=14109046?8,"P.O. Box 574, 7185 Felis, Avenue",R3A 7X3,72419,Ivory,"Odessa, Grady, Robert, Jenna",Ulla,04 40 35 02 69,Kellie,1-857-252-0024,bibendum.ullamcorper.Duis@et.net,"Mon, Feb 26",
593,blue,Donec Consectetuer Mauris Incorporated,A3 7NY,Kyla Glenn,2088,124,%B30443305393155^JasonKirby^12106287407?2,;214985040942041=04025883583? ,"Ap #617-6241 Orci, St.",Y8V 2Q3,78681,Hedy,"Elvis, Cassidy, Courtney, Azalia",Mikayla,04 12 88 53 68,Taylor,1-956-882-2615,ullamcorper@eu.co.uk,"Thu, May 24",
594,blue,Malesuada Augue Associates,164985,Jolene Jordan,5590,231,%B214973981022130^BrookeClemons^3705951730? ,;6771015849758646=84021309003? ,1295 Ultrices Road,H2J 5R8,26918,Phoebe,"Garth, Eden, Randall, Dorian",Aubrey,06 44 35 75 04,Alfonso,1-740-392-3121,ac.turpis@dolor.com,"Thu, Aug 16",
595,violet,Massa Corporation,6751,Nerea Johns,3493,201,%B309944685889179^HilelLynch^1307620954?3,;6526053446671431=9505726517? ,3351 Hendrerit. St.,Q0V 9E4,22934,Justine,"Brennan, Tanek, Felix, Yolanda",Iliana,09 09 38 11 77,Marny,1-960-356-5621,commodo.ipsum.Suspendisse@turpis.com,"Sun, Dec 23",
596,indigo,Tellus Eu Augue LLC,9513,Kaye Shepherd,7195,809,%B4024007130830^MeganRusso^27027403?1,;6767648663963318=00082192? ,1612 Rhoncus Road,V8Z 2B3,44410,Mariko,"Moses, Amelia, Baker, Omar",Meghan,07 88 05 55 29,Finn,1-585-943-8521,risus.In@vulputateposuerevulputate.co.uk,"Sun, Mar 11",
597,violet,Arcu Nunc Foundation,8493,Hayfa Ellis,4499,870,%B377772091300565^AmayaTurner^84033357214?5,;341686206378410=92028933?5,674-9368 Semper Road,I7C 5R4,16214,Lilah,"Tad, Kylynn, Lawrence, Emery",Pearl,01 74 11 79 48,Isadora,1-525-410-8450,ipsum@loremluctusut.co.uk,"Fri, Nov 24",
598,yellow,Felis Nulla Ltd,7441,Tamekah House,3085,153,%B5332059275040578^CamdenBarrett^7907266846?3,;6767159546888409=92025717?5,Ap #109-3851 Ut Street,Z5U 9U3,63585,Galena,"Quamar, Grace, Hedy, Kermit",Lisandra,06 33 37 21 64,Prescott,1-859-446-0449,auctor.quis@nullaIn.com,"Tue, Nov 13",
599,violet,Bibendum Company,760536,Shannon Browning,4949,290,%B4903462791424882^ClintonMckinney^87065478107?2,;349991233736651=79068553? ,662-5218 Ante Road,S6H 7R1,68402,Laura,"Rebekah, Desirae, Xandra, Jack",Chiquita,04 09 13 46 85,Amanda,1-591-883-4257,Mauris@Aliquamultrices.ca,"Wed, Sep 20",